Workbook

Sheet Accueil
A1: Système convolutif — rapports non typiques
A2: Cadre paramétrique validé sur le rapport 1/3; les autres rapports exigent leurs propres termes et paramètres avant une preuve de couverture universelle.
A4: CONTENU
A5: Exemple 1-3 | B5: Feuille originale conservée, avec les suites A et B fournies.
A6: Parametres | B6: Règle active par rapport : k, n, exposant de reconstruction et Digamma.
A7: Convolution | B7: Termes formels signés évalués numériquement à partir de k.
A8: Tests Digamma | B8: Quatre possibilités : positions 7 ou 8, signes − ou +.
A9: Moteur Universel | B9: Entrées k/n, construction A/B, sommes fermées et quatre essais Digamma.
A10: Modèle Formel | B10: Moteur vierge universel : saisie de k et n, substitution et quatre candidats Digamma.
A11: Démonstration Formelle | B11: Preuve symbolique visuelle A₁₀/A₉, B₁₀/B₉, Digamma et reconstruction pour tout 1/k.
A12: Rapport | B12: 1/3
A13: Sommes | B13: A = 79 824; B = 238 746
A14: Digamma | B14: position 8, signe −
A15: Premier reconstruit | B15: 227, rang 49

Sheet Exemple 1-3
E9: Table servant a reconstruire le rapport non typique
E10: 1/k | F10: 0 | G10: 1 | H10: 2
E11: 3 | F11: 4 | G11: 5 | H11: 6
E12: 7 | F12: 8 | G12: 9 | H12: 10
C13: t^1+ | D13: t^2+ | E13: t^3+ | F13: t^4+ | G13: t^5+ | H13: t^6+ | I13: t^7+ | J13: t^8+ | K13: (t^9-t^7)+ | L13: (t^10-t^8) | M13: =N13 -> Somme suite A | N13: Somme suite A
C14: t^1+ | D14: t^2+ | E14: t^3+ | F14: t^4+ | G14: t^5+ | H14: t^7+ | I14: t^8+ | J14: t^9+ | K14: (t^10-t^8)+ | L14: (t^11-t^9) | M14: =N14 -> Somme suite B | N14: Somme suite B
C25: Déteminer les suite A et B pour 9 termes
C27: t^1+ | D27: t^2+ | E27: t^3+ | F27: t^4+ | G27: t^5+ | H27: t^6+ | I27: t^7+ | K27: (t^9-t^7)+ | L27: (t^10-t^8) | M27: =N27 -> Somme suite A | N27: Somme suite A
C28: t^1+ | D28: t^2+ | E28: t^3+ | F28: t^4+ | G28: t^5+ | H28: t^7+ | I28: t^8+ | K28: (t^10-t^8)+ | L28: (t^11-t^9) | M28: =N28 -> Somme suite B | N28: Somme suite B
F30: (m13-m27)/t^8= | G30: coefficient A
F31: (m14-m28)/t^8 | G31: coefficient B
J32: =M34 -> 0
F33: Forme des équation générale ((coefficient A/x)*(k^n)-reste | J33: somme suite A
H35: ((coefficient B)/x)*(k^n)-reste | J35: somme suite B

Sheet Parametres
A1: Paramètres des règles
A2: Une ligne par rapport 1/k. Aucun autre rapport n’est inventé : ajoutez ses termes dans Convolution puis ses paramètres ici.
A4: CATALOGUE DES RÈGLES
A5: Rapport | B5: k | C5: n | D5: Exp reconstruction | E5: Position Digamma | F5: Signe Digamma | G5: Statut
A6: 1/3 | B6: 3 | C6: 10 | D6: 6 | E6: 8 | F6: -1 | G6: Validé par exemple fourni
A9: SORTIE DE LA RÈGLE SÉLECTIONNÉE
A10: Rapport | B10: Somme A | C10: Somme B | D10: A ajustée | E10: P reconstruit | F10: Premier? | G10: Rang premier
A11: 1/3 | B11: =SUMIFS(tblConvolution[Valeur],tblConvolution[Rapport],A11,tblConvolution[Suite],"A") -> 79824 | C11: =SUMIFS(tblConvolution[Valeur],tblConvolution[Rapport],A11,tblConvolution[Suite],"B") -> 238746 | D11: =B11+_xlfn.XLOOKUP(A11,tblRegles[Rapport],tblRegles[Signe Digamma])*_xlfn.XLOOKUP(A11,tblRegles[Rapport],tblRegles[k])^_xlfn.XLOOKUP(A11,tblRegles[Rapport],tblRegles[Position Digamma]) -> 73263 | E11: =(C11-D11)/_xlfn.XLOOKUP(A11,tblRegles[Rapport],tblRegles[k])^_xlfn.XLOOKUP(A11,tblRegles[Rapport],tblRegles[Exp reconstruction]) -> 227 | F11: {=_xlfn.LET(_xlpm.p,E11,IF(OR(_xlpm.p<>INT(_xlpm.p),_xlpm.p<2),"Non",IF(SUM(--(MOD(_xlpm.p,_xlfn.SEQUENCE(_xlpm.p))=0))=2,"Oui","Non")))} -> Oui | G11: {=IF(F11<>"Oui","",_xlfn.LET(_xlpm.p,INT(E11),_xlpm.q,_xlfn.SEQUENCE(_xlpm.p),_xlpm.d,TRANSPOSE(_xlfn.SEQUENCE(_xlpm.p)),_xlpm.cnt,MMULT(--(MOD(_xlpm.q,_xlpm.d)=0),_xlfn.SEQUENCE(_xlpm.p,,1,0)),SUM(--(_xlpm.cnt=2))))} -> 49
A12: Obligation universelle | G12: Chaque premier cible doit être produit une fois par le catalogue complet.
A15: CONSTANTES DES SOMMES FERMÉES
A16: k | B16: αA | C16: αB | D16: offset A | E16: offset B | F16: Portée | G16: Statut
A17: 2 | B17: 3.25 | C17: 6.5 | D17: 2 | E17: 66 | F17: 46024 | G17: Fourni
A18: 3 | B18: 8.1111111 | C18: 24.333333 | D18: 1.5 | E18: 730.5 | F18: 46025 | G18: Fourni
A19: 4 | B19: 15.0625 | C19: 60.25 | D19: 1.3333333 | E19: 4097.3333 | F19: 46026 | G19: Fourni
F20: Tout autre 1/k | G20: À compléter
A22: RÈGLES ACTIVES
A23: n ≤ 7 | B23: XIII simple OU XII terminal | C23: A=B | D23: Choix utilisateur
A24: n ≥ 8 | B24: A terminale Savard | C24: B avec saut Zêta i=6 | D24: Digamma: ±A(7), ±A(8) | E24: Dénominateur k^6 | F24: Sélection par essai-erreur

Sheet Moteur Universel
A1: Moteur convolutif universel — rapports non typiques
A2: Construction pour tout k≥2 et n≥1. Les constantes des sommes fermées doivent être renseignées par rapport; le Digamma est testé selon quatre possibilités.
A4: ENTRÉES | G4: RECONSTRUCTION PAR ESSAI-ERREUR
A5: Paramètre | B5: Valeur | G5: Option | H5: Position | I5: Signe | J5: Digamma calculé | K5: P reconstruit | L5: Entier? | M5: Premier?
A6: k | B6: 3 | C6: Entier ≥2 | G6: 1 | H6: 7 | I6: 1 | J6: {=IF($B$7<8,NA(),$B$14+I6*INDEX(_xlfn.ANCHORARRAY($B$19),H6))} -> 82011 | K6: =IFERROR(($C$14-J6)/$B$6^6,NA()) -> 215 | L6: =IFERROR(IF(K6=INT(K6),"Oui","Non"),"Non") -> Oui | M6: {=_xlfn.LET(_xlpm.p,K6,IF(OR(L6<>"Oui",_xlpm.p<2),"Non",IF(_xlpm.p=2,"Oui",IF(MOD(_xlpm.p,2)=0,"Non",_xlfn.LET(_xlpm.m,MAX(1,INT((SQRT(_xlpm.p)-1)/2)),IF(SUM(--(MOD(_xlpm.p,_xlfn.SEQUENCE(_xlpm.m,1,3,2))=0))=0,"Oui","Non"))))))} -> Non
A7: n | B7: 10 | C7: Entier ≥1 | G7: 2 | H7: 7 | I7: -1 | J7: {=IF($B$7<8,NA(),$B$14+I7*INDEX(_xlfn.ANCHORARRAY($B$19),H7))} -> 77637 | K7: =IFERROR(($C$14-J7)/$B$6^6,NA()) -> 221 | L7: =IFERROR(IF(K7=INT(K7),"Oui","Non"),"Non") -> Oui | M7: {=_xlfn.LET(_xlpm.p,K7,IF(OR(L7<>"Oui",_xlpm.p<2),"Non",IF(_xlpm.p=2,"Oui",IF(MOD(_xlpm.p,2)=0,"Non",_xlfn.LET(_xlpm.m,MAX(1,INT((SQRT(_xlpm.p)-1)/2)),IF(SUM(--(MOD(_xlpm.p,_xlfn.SEQUENCE(_xlpm.m,1,3,2))=0))=0,"Oui","Non"))))))} -> Non
A8: Modèle n≤7 | B8: XIII simple | C8: XIII simple ou XII terminal | G8: 3 | H8: 8 | I8: 1 | J8: {=IF($B$7<8,NA(),$B$14+I8*INDEX(_xlfn.ANCHORARRAY($B$19),H8))} -> 86385 | K8: =IFERROR(($C$14-J8)/$B$6^6,NA()) -> 209 | L8: =IFERROR(IF(K8=INT(K8),"Oui","Non"),"Non") -> Oui | M8: {=_xlfn.LET(_xlpm.p,K8,IF(OR(L8<>"Oui",_xlpm.p<2),"Non",IF(_xlpm.p=2,"Oui",IF(MOD(_xlpm.p,2)=0,"Non",_xlfn.LET(_xlpm.m,MAX(1,INT((SQRT(_xlpm.p)-1)/2)),IF(SUM(--(MOD(_xlpm.p,_xlfn.SEQUENCE(_xlpm.m,1,3,2))=0))=0,"Oui","Non"))))))} -> Non
A9: Régime | B9: Positif | C9: Positif ou Négatif | G9: 4 | H9: 8 | I9: -1 | J9: {=IF($B$7<8,NA(),$B$14+I9*INDEX(_xlfn.ANCHORARRAY($B$19),H9))} -> 73263 | K9: =IFERROR(($C$14-J9)/$B$6^6,NA()) -> 227 | L9: =IFERROR(IF(K9=INT(K9),"Oui","Non"),"Non") -> Oui | M9: {=_xlfn.LET(_xlpm.p,K9,IF(OR(L9<>"Oui",_xlpm.p<2),"Non",IF(_xlpm.p=2,"Oui",IF(MOD(_xlpm.p,2)=0,"Non",_xlfn.LET(_xlpm.m,MAX(1,INT((SQRT(_xlpm.p)-1)/2)),IF(SUM(--(MOD(_xlpm.p,_xlfn.SEQUENCE(_xlpm.m,1,3,2))=0))=0,"Oui","Non"))))))} -> Oui
A10: a₁ | B10: =B6 -> 3 | C10: Valeur initiale | G10: Candidats premiers | H10: =COUNTIF(M6:M9,"Oui") -> 1 | I10: =IF(H10=0,"Aucun candidat",IF(H10=1,"Sélection unique",H10&" candidats : critère supplémentaire requis")) -> Sélection unique
A12: SOMMES ET CONTRÔLES | G12: CONTRÔLE DU RAPPORT ET DE LA PORTÉE
A13: Mesure | B13: Suite A | C13: Suite B | D13: Écart A | E13: Écart B | G13: Contrôle | H13: Résultat
A14: Somme construite | B14: =SUM(_xlfn.ANCHORARRAY(B19)) -> 79824 | C14: =SUM(_xlfn.ANCHORARRAY(C19)) -> 238746 | G14: Rapport demandé | H14: ="1/"&B6 -> 1/3
A15: Somme fermée | B15: =_xlfn.LET(_xlpm.k,$B$6,_xlpm.n,$B$7,_xlpm.a,_xlfn.XLOOKUP(_xlpm.k,tblConstantes[k],tblConstantes[αA],""),_xlpm.o,_xlfn.XLOOKUP(_xlpm.k,tblConstantes[k],tblConstantes[offset A],""),IF(_xlpm.a="","",IF($B$9="Positif",(_xlpm.a/2)*_xlpm.k^_xlpm.n-_xlpm.o,_xlpm.a/_xlpm.k^_xlpm.n-_xlpm.o))) -> 239475 | C15: =_xlfn.LET(_xlpm.k,$B$6,_xlpm.n,$B$7,_xlpm.a,_xlfn.XLOOKUP(_xlpm.k,tblConstantes[k],tblConstantes[αB],""),_xlpm.o,_xlfn.XLOOKUP(_xlpm.k,tblConstantes[k],tblConstantes[offset B],""),IF(_xlpm.a="","",IF($B$9="Positif",(_xlpm.a/2)*_xlpm.k^_xlpm.n-_xlpm.o,_xlpm.a/_xlpm.k^_xlpm.n-_xlpm.o))) -> 717699 | D15: =IF(B15="","",B14-B15) -> -159651 | E15: =IF(C15="","",C14-C15) -> -478953 | G15: Constantes disponibles? | H15: =IF(ISNUMBER(_xlfn.XMATCH(B6,tblConstantes[k])),"Oui","Non — compléter tblConstantes") -> Oui
G16: Domaine n | H16: =IF(B7<=7,"Cas 1 à 7 : "&B8,"Cas stabilisé n≥8") -> Cas stabilisé n≥8
A17: CONSTRUCTION TERME À TERME | G17: Zêta | H17: =B6^6 -> 729
A18: Position | B18: Terme A | C18: Terme B | D18: Règle A | E18: Règle B | G18: État du moteur | H18: =IF(B7<8,"Construction active; Digamma non défini pour n<8",IF(H10=1,"Résultat unique","Essai-erreur actif; "&H10&" candidat(s) premier(s)")) -> Résultat unique
A19: {=_xlfn.SEQUENCE($B$7)} -> 1 | B19: {=_xlfn.LET(_xlpm.i,_xlfn.ANCHORARRAY(A19),_xlpm.n,$B$7,_xlpm.a,$B$10,_xlpm.r,$B$6,_xlpm.small,$B$8,IF(_xlpm.n<=7,IF(_xlpm.small="XIII simple",_xlpm.a*_xlpm.r^(_xlpm.i-1),IF(_xlpm.i=1,_xlpm.a,IF((_xlpm.n=2)*(_xlpm.i=2),_xlpm.a*(_xlpm.r-1/_xlpm.r),IF((_xlpm.n>=3)*(_xlpm.i<=_xlpm.n-2),_xlpm.a*_xlpm.r^(_xlpm.i-1),IF((_xlpm.n>=3)*(_xlpm.i=_xlpm.n-1),_xlpm.a*_xlpm.r^(_xlpm.n-3)*(_xlpm.r-1/_xlpm.r),IF((_xlpm.n>=3)*(_xlpm.i=_xlpm.n),_xlpm.a*_xlpm.r^(_xlpm.n-3)*(_xlpm.r-1/_xlpm.r)*_xlpm.r,0)))))),IF(_xlpm.i=1,_xlpm.a,IF(_xlpm.i<=_xlpm.n-2,_xlpm.a*_xlpm.r^(_xlpm.i-1),IF(_xlpm.i=_xlpm.n-1,(_xlpm.r-1/_xlpm.r)*(_xlpm.a*_xlpm.r^(_xlpm.n-3)),IF(_xlpm.i=_xlpm.n,(_xlpm.r-1/_xlpm.r)*(_xlpm.a*_xlpm.r^(_xlpm.n-2)),0))))))} -> 3 | C19: {=_xlfn.LET(_xlpm.i,_xlfn.ANCHORARRAY(A19),_xlpm.n,$B$7,_xlpm.a,$B$10,_xlpm.r,$B$6,_xlpm.small,$B$8,IF(_xlpm.n<=7,_xlfn.ANCHORARRAY(B19),IF(_xlpm.i=1,_xlpm.a,IF(_xlpm.i<=5,_xlpm.a*_xlpm.r^(_xlpm.i-1),IF(_xlpm.i=6,_xlpm.a*_xlpm.r^6,IF(_xlpm.i<=_xlpm.n-2,_xlpm.a*_xlpm.r^_xlpm.i,IF(_xlpm.i=_xlpm.n-1,(_xlpm.r-1/_xlpm.r)*(_xlpm.a*_xlpm.r^(_xlpm.n-2)),IF(_xlpm.i=_xlpm.n,(_xlpm.r-1/_xlpm.r)*(_xlpm.a*_xlpm.r^(_xlpm.n-1)),0))))))))} -> 3 | D19: {=_xlfn.LET(_xlpm.i,_xlfn.ANCHORARRAY(A19),_xlpm.n,$B$7,IF(_xlpm.n<=7,IF($B$8="XIII simple","Progression simple","XII cas terminal"),IF(_xlpm.i<=_xlpm.n-2,"Progression simple",IF(_xlpm.i=_xlpm.n-1,"Avant-dernier Savard","Dernier Savard"))))} -> Progression simple | E19: {=_xlfn.LET(_xlpm.i,_xlfn.ANCHORARRAY(A19),_xlpm.n,$B$7,IF(_xlpm.n<=7,"Identique à A",IF(_xlpm.i<=5,"Progression simple",IF(_xlpm.i=6,"Saut Zêta",IF(_xlpm.i<=_xlpm.n-2,"Progression décalée",IF(_xlpm.i=_xlpm.n-1,"Avant-dernier Savard","Dernier Savard"))))))} -> Progression simple
A20: 2 | B20: 9 | C20: 9 | D20: Progression simple | E20: Progression simple | G20: LIMITES FORMELLES
A21: 3 | B21: 27 | C21: 27 | D21: Progression simple | E21: Progression simple | G21: Le moteur construit A et B pour tout k≥2 et n≥1. Les sommes fermées ne sont calculables que si αA, αB et les offsets du rapport sont connus. Les quatre Digamma sont testés sans supposer qu’un résultat premier est nécessairement unique.
A22: 4 | B22: 81 | C22: 81 | D22: Progression simple | E22: Progression simple
A23: 5 | B23: 243 | C23: 243 | D23: Progression simple | E23: Progression simple
A24: 6 | B24: 729 | C24: 2187 | D24: Progression simple | E24: Saut Zêta
A25: 7 | B25: 2187 | C25: 6561 | D25: Progression simple | E25: Progression décalée
A26: 8 | B26: 6561 | C26: 19683 | D26: Progression simple | E26: Progression décalée
A27: 9 | B27: 17496 | C27: 52488 | D27: Avant-dernier Savard | E27: Avant-dernier Savard
A28: 10 | B28: 52488 | C28: 157464 | D28: Dernier Savard | E28: Dernier Savard

Sheet Modèle Formel
A1: Modèle formel universel — rapport 1/k
A2: Aucune valeur numérique par défaut : saisissez k et n, puis le modèle substitue ces valeurs aux formes universelles A(n,i), B(n,i) et teste les quatre Digamma.
A4: VARIABLES À SUBSTITUER | D4: SORTIES GÉNÉRALES
A5: Variable | B5: Valeur | C5: Définition | D5: Mesure | E5: Résultat
A6: k | B6: 12 | C6: Dénominateur du rapport 1/k | D6: Somme A(n) | E6: =IF(OR($B$6="",$B$7=""),"",SUM(_xlfn.ANCHORARRAY(C29))) -> 1.6691751e+16
A7: n | B7: 15 | C7: Nombre de termes | D7: Somme B(n) | E7: =IF(OR($B$6="",$B$7=""),"",SUM(_xlfn.ANCHORARRAY(E29))) -> 2.0030101e+17
A8: 1/k | B8: =IF(B6="","","1/"&B6) | C8: Rapport demandé | D8: Zêta | E8: =IF($B$6="","",$B$6^6) -> 2985984
A9: a₁ | B9: =IF(B6="","",B6) -> 12 | C9: a₁ := k | D9: Premiers candidats | E9: =IF(OR($B$6="",$B$7<8),"",COUNTIF(G15:G18,"Oui")) -> 1
A10: r | B10: =IF(B6="","",B6) -> 12 | C10: r := k | D10: État | E10: =IF(OR($B$6="",$B$7=""),"En attente de k et n",IF($B$7<8,"Suites construites; Digamma défini seulement pour n≥8",IF(E9=0,"Aucun candidat premier",IF(E9=1,"Un candidat premier",E9&" candidats premiers")))) -> Un candidat premier
A11: Modèle n≤7 | B11: XIII simple | C11: XIII simple ou XII terminal | D11: Certitude | E11: =IF(OR($B$6="",$B$7=""),"",IF($B$7<8,"Reconstruction P non applicable",IF(E9=1,"P déterminé de façon unique dans les quatre essais","P non unique avec les règles actuelles"))) -> P déterminé de façon unique dans les quatre essais
A13: QUATRE POSSIBILITÉS DU DIGAMMA
A14: Option | B14: Position | C14: Signe | D14: Digamma calculé | E14: P reconstruit | F14: Entier? | G14: Premier?
A15: 1 | B15: 7 | C15: 1 | D15: {=IF(OR($B$6="",$B$7<8),"",$E$6+C15*INDEX(_xlfn.ANCHORARRAY(C29),B15))} -> 1.6691751e+16 | E15: =IF(D15="","",($E$7-D15)/$E$8) -> 61490368499 | F15: =IF(E15="","",IF(E15=INT(E15),"Oui","Non")) -> Oui | G15: {=IF(E15="","",IFERROR(_xlfn.LET(_xlpm.p,E15,IF(OR(F15<>"Oui",_xlpm.p<2),"Non",IF(_xlpm.p=2,"Oui",IF(MOD(_xlpm.p,2)=0,"Non",_xlfn.LET(_xlpm.m,MAX(1,INT((SQRT(_xlpm.p)-1)/2)),IF(SUM(--(MOD(_xlpm.p,_xlfn.SEQUENCE(_xlpm.m,1,3,2))=0))=0,"Oui","Non")))))),"Non"))} -> Non
A16: 2 | B16: 7 | C16: -1 | D16: {=IF(OR($B$6="",$B$7<8),"",$E$6+C16*INDEX(_xlfn.ANCHORARRAY(C29),B16))} -> 1.6691751e+16 | E16: =IF(D16="","",($E$7-D16)/$E$8) -> 61490368523 | F16: =IF(E16="","",IF(E16=INT(E16),"Oui","Non")) -> Oui | G16: {=IF(E16="","",IFERROR(_xlfn.LET(_xlpm.p,E16,IF(OR(F16<>"Oui",_xlpm.p<2),"Non",IF(_xlpm.p=2,"Oui",IF(MOD(_xlpm.p,2)=0,"Non",_xlfn.LET(_xlpm.m,MAX(1,INT((SQRT(_xlpm.p)-1)/2)),IF(SUM(--(MOD(_xlpm.p,_xlfn.SEQUENCE(_xlpm.m,1,3,2))=0))=0,"Oui","Non")))))),"Non"))} -> Oui
A17: 3 | B17: 8 | C17: 1 | D17: {=IF(OR($B$6="",$B$7<8),"",$E$6+C17*INDEX(_xlfn.ANCHORARRAY(C29),B17))} -> 1.6691751e+16 | E17: =IF(D17="","",($E$7-D17)/$E$8) -> 61490368367 | F17: =IF(E17="","",IF(E17=INT(E17),"Oui","Non")) -> Oui | G17: {=IF(E17="","",IFERROR(_xlfn.LET(_xlpm.p,E17,IF(OR(F17<>"Oui",_xlpm.p<2),"Non",IF(_xlpm.p=2,"Oui",IF(MOD(_xlpm.p,2)=0,"Non",_xlfn.LET(_xlpm.m,MAX(1,INT((SQRT(_xlpm.p)-1)/2)),IF(SUM(--(MOD(_xlpm.p,_xlfn.SEQUENCE(_xlpm.m,1,3,2))=0))=0,"Oui","Non")))))),"Non"))} -> Non
A18: 4 | B18: 8 | C18: -1 | D18: {=IF(OR($B$6="",$B$7<8),"",$E$6+C18*INDEX(_xlfn.ANCHORARRAY(C29),B18))} -> 1.669175e+16 | E18: =IF(D18="","",($E$7-D18)/$E$8) -> 61490368655 | F18: =IF(E18="","",IF(E18=INT(E18),"Oui","Non")) -> Oui | G18: {=IF(E18="","",IFERROR(_xlfn.LET(_xlpm.p,E18,IF(OR(F18<>"Oui",_xlpm.p<2),"Non",IF(_xlpm.p=2,"Oui",IF(MOD(_xlpm.p,2)=0,"Non",_xlfn.LET(_xlpm.m,MAX(1,INT((SQRT(_xlpm.p)-1)/2)),IF(SUM(--(MOD(_xlpm.p,_xlfn.SEQUENCE(_xlpm.m,1,3,2))=0))=0,"Oui","Non")))))),"Non"))} -> Non
A20: DÉFINITIONS FORMELLES APPLIQUÉES
A21: n ≤ 7, modèle XIII : A(n,i)=a₁·r^(i−1) et B(n,i)=A(n,i).
A22: n ≤ 7, modèle XII : cas terminaux avec le facteur (r−1/r); B(n,i)=A(n,i).
A23: n ≥ 8 : A suit la progression jusqu’à n−2, puis les deux termes terminaux Savard.
A24: n ≥ 8 : B insère a₁·r^6 à i=6, décale la progression et applique ses termes terminaux.
A25: Reconstruction : P=[Somme B(n)−(Somme A(n)±A(n,7 ou 8))]/k^6.
A27: CONSTRUCTION TERME À TERME
A28: Position i | B28: Forme A(n,i) | C28: Valeur substituée A | D28: Forme B(n,i) | E28: Valeur substituée B
A29: {=IF(OR($B$6="",$B$7=""),"",_xlfn.SEQUENCE($B$7))} -> 1 | B29: {=IF(_xlfn.ANCHORARRAY(A29)="","",_xlfn.LET(_xlpm.i,_xlfn.ANCHORARRAY(A29),_xlpm.n,$B$7,IF(_xlpm.n<=7,IF($B$11="XIII simple","a₁·r^(i−1)",IF(_xlpm.i=1,"a₁",IF((_xlpm.n=2)*(_xlpm.i=2),"a₁·(r−1/r)",IF(_xlpm.i<=_xlpm.n-2,"a₁·r^(i−1)",IF(_xlpm.i=_xlpm.n-1,"a₁·r^(n−3)·(r−1/r)","a₁·r^(n−3)·(r−1/r)·r"))))),IF(_xlpm.i=1,"a₁",IF(_xlpm.i<=_xlpm.n-2,"a₁·r^(i−1)",IF(_xlpm.i=_xlpm.n-1,"(r−1/r)·a₁·r^(n−3)","(r−1/r)·a₁·r^(n−2)"))))))} -> a₁ | C29: {=IF(_xlfn.ANCHORARRAY(A29)="","",_xlfn.LET(_xlpm.i,_xlfn.ANCHORARRAY(A29),_xlpm.n,$B$7,_xlpm.a,$B$9,_xlpm.r,$B$10,IF(_xlpm.n<=7,IF($B$11="XIII simple",_xlpm.a*_xlpm.r^(_xlpm.i-1),IF(_xlpm.i=1,_xlpm.a,IF((_xlpm.n=2)*(_xlpm.i=2),_xlpm.a*(_xlpm.r-1/_xlpm.r),IF((_xlpm.n>=3)*(_xlpm.i<=_xlpm.n-2),_xlpm.a*_xlpm.r^(_xlpm.i-1),IF((_xlpm.n>=3)*(_xlpm.i=_xlpm.n-1),_xlpm.a*_xlpm.r^(_xlpm.n-3)*(_xlpm.r-1/_xlpm.r),IF((_xlpm.n>=3)*(_xlpm.i=_xlpm.n),_xlpm.a*_xlpm.r^(_xlpm.n-3)*(_xlpm.r-1/_xlpm.r)*_xlpm.r,0)))))),IF(_xlpm.i=1,_xlpm.a,IF(_xlpm.i<=_xlpm.n-2,_xlpm.a*_xlpm.r^(_xlpm.i-1),IF(_xlpm.i=_xlpm.n-1,(_xlpm.r-1/_xlpm.r)*(_xlpm.a*_xlpm.r^(_xlpm.n-3)),IF(_xlpm.i=_xlpm.n,(_xlpm.r-1/_xlpm.r)*(_xlpm.a*_xlpm.r^(_xlpm.n-2)),0)))))))} -> 12 | D29: {=IF(_xlfn.ANCHORARRAY(A29)="","",_xlfn.LET(_xlpm.i,_xlfn.ANCHORARRAY(A29),_xlpm.n,$B$7,IF(_xlpm.n<=7,"A(n,i)",IF(_xlpm.i=1,"a₁",IF(_xlpm.i<=5,"a₁·r^(i−1)",IF(_xlpm.i=6,"a₁·r^6 [Zêta]",IF(_xlpm.i<=_xlpm.n-2,"a₁·r^i",IF(_xlpm.i=_xlpm.n-1,"(r−1/r)·a₁·r^(n−2)","(r−1/r)·a₁·r^(n−1)"))))))))} -> a₁ | E29: {=IF(_xlfn.ANCHORARRAY(A29)="","",_xlfn.LET(_xlpm.i,_xlfn.ANCHORARRAY(A29),_xlpm.n,$B$7,_xlpm.a,$B$9,_xlpm.r,$B$10,IF(_xlpm.n<=7,_xlfn.ANCHORARRAY(C29),IF(_xlpm.i=1,_xlpm.a,IF(_xlpm.i<=5,_xlpm.a*_xlpm.r^(_xlpm.i-1),IF(_xlpm.i=6,_xlpm.a*_xlpm.r^6,IF(_xlpm.i<=_xlpm.n-2,_xlpm.a*_xlpm.r^_xlpm.i,IF(_xlpm.i=_xlpm.n-1,(_xlpm.r-1/_xlpm.r)*(_xlpm.a*_xlpm.r^(_xlpm.n-2)),IF(_xlpm.i=_xlpm.n,(_xlpm.r-1/_xlpm.r)*(_xlpm.a*_xlpm.r^(_xlpm.n-1)),0)))))))))} -> 12
A30: 2 | B30: a₁·r^(i−1) | C30: 144 | D30: a₁·r^(i−1) | E30: 144
A31: 3 | B31: a₁·r^(i−1) | C31: 1728 | D31: a₁·r^(i−1) | E31: 1728
A32: 4 | B32: a₁·r^(i−1) | C32: 20736 | D32: a₁·r^(i−1) | E32: 20736
A33: 5 | B33: a₁·r^(i−1) | C33: 248832 | D33: a₁·r^(i−1) | E33: 248832
A34: 6 | B34: a₁·r^(i−1) | C34: 2985984 | D34: a₁·r^6 [Zêta] | E34: 35831808
A35: 7 | B35: a₁·r^(i−1) | C35: 35831808 | D35: a₁·r^i | E35: 429981696
A36: 8 | B36: a₁·r^(i−1) | C36: 429981696 | D36: a₁·r^i | E36: 5159780352
A37: 9 | B37: a₁·r^(i−1) | C37: 5159780352 | D37: a₁·r^i | E37: 61917364224
A38: 10 | B38: a₁·r^(i−1) | C38: 61917364224 | D38: a₁·r^i | E38: 743008370688
A39: 11 | B39: a₁·r^(i−1) | C39: 743008370688 | D39: a₁·r^i | E39: 8916100448256
A40: 12 | B40: a₁·r^(i−1) | C40: 8916100448256 | D40: a₁·r^i | E40: 106993205379072
A41: 13 | B41: a₁·r^(i−1) | C41: 106993205379072 | D41: a₁·r^i | E41: 1.2839185e+15
... A43: 15 | B43: (r−1/r)·a₁·r^(n−2) | C43: 1.5300028e+16 | D43: (r−1/r)·a₁·r^(n−1) | E43: 1.8360034e+17
A45: MODE D’EMPLOI ET PORTÉE
A46: 1. Saisir k et n dans les cellules jaunes. 2. Choisir le modèle pour n≤7. 3. Lire les suites et les quatre candidats. Le modèle affirme un P unique seulement lorsqu’une seule option est entière et première. Il ne constitue pas une preuve que chaque rapport et chaque n produisent exactement un premier.

Sheet Démonstration Formelle
A1: Démonstration formelle universelle — tout rapport 1/k
A2: Même démonstration que Tests Digamma, lignes 21 à 57, sans substitution numérique : k demeure une variable entière positive représentant le dénominateur de 1/k.
A4: SUITES A — 10 ET 9 TERMES
A5: Position | B5: Terme A₁₀ | C5: Expression | D5: Règle | F5: Position | G5: Terme A₉ | H5: Expression | I5: Règle
A6: 1 | B6: k^1 | C6: k^1 | D6: progression | F6: 1 | G6: k^1 | H6: k^1 | I6: progression
A7: 2 | B7: k^2 | C7: k^2 | D7: progression | F7: 2 | G7: k^2 | H7: k^2 | I7: progression
A8: 3 | B8: k^3 | C8: k^3 | D8: progression | F8: 3 | G8: k^3 | H8: k^3 | I8: progression
A9: 4 | B9: k^4 | C9: k^4 | D9: progression | F9: 4 | G9: k^4 | H9: k^4 | I9: progression
A10: 5 | B10: k^5 | C10: k^5 | D10: progression | F10: 5 | G10: k^5 | H10: k^5 | I10: progression
A11: 6 | B11: k^6 | C11: k^6 | D11: progression | F11: 6 | G11: k^6 | H11: k^6 | I11: progression
A12: 7 | B12: k^7 | C12: k^7 | D12: progression | F12: 7 | G12: k^7 | H12: k^7 | I12: progression
A13: 8 | B13: k^8 | C13: k^8 | D13: progression | F13: 8 | G13: k^8 − k^6 | H13: k^8 − k^6 | I13: avant-dernier Savard
A14: 9 | B14: k^9 − k^7 | C14: k^9 − k^7 | D14: avant-dernier Savard | F14: 9 | G14: k^9 − k^7 | H14: k^9 − k^7 | I14: dernier Savard
A15: 10 | B15: k^10 − k^8 | C15: k^10 − k^8 | D15: dernier Savard | F15: Somme | G15: =_xlfn.TEXTJOIN(" + ",TRUE,G6:G14) -> k^1 + k^2 + k^3 + k^4 + k^5 + k^6 + k^7 + k^8 − k^6 + k^9 − k^7 | H15: =_xlfn.TEXTJOIN(" + ",TRUE,H6:H14) -> k^1 + k^2 + k^3 + k^4 + k^5 + k^6 + k^7 + k^8 − k^6 + k^9 − k^7
A16: Somme | B16: =_xlfn.TEXTJOIN(" + ",TRUE,B6:B15) -> k^1 + k^2 + k^3 + k^4 + k^5 + k^6 + k^7 + k^8 + k^9 − k^7 + k^10 − k^8 | C16: =_xlfn.TEXTJOIN(" + ",TRUE,C6:C15) -> k^1 + k^2 + k^3 + k^4 + k^5 + k^6 + k^7 + k^8 + k^9 − k^7 + k^10 − k^8
A18: SUITES B — 10 ET 9 TERMES AVEC SAUT ZÊTA
A19: Position | B19: Terme B₁₀ | C19: Expression | D19: Règle | F19: Position | G19: Terme B₉ | H19: Expression | I19: Règle
A20: 1 | B20: k^1 | C20: k^1 | D20: progression | F20: 1 | G20: k^1 | H20: k^1 | I20: progression
A21: 2 | B21: k^2 | C21: k^2 | D21: progression | F21: 2 | G21: k^2 | H21: k^2 | I21: progression
A22: 3 | B22: k^3 | C22: k^3 | D22: progression | F22: 3 | G22: k^3 | H22: k^3 | I22: progression
A23: 4 | B23: k^4 | C23: k^4 | D23: progression | F23: 4 | G23: k^4 | H23: k^4 | I23: progression
A24: 5 | B24: k^5 | C24: k^5 | D24: progression | F24: 5 | G24: k^5 | H24: k^5 | I24: progression
A25: 6 | B25: k^7 | C25: k^7 | D25: saut Zêta | F25: 6 | G25: k^7 | H25: k^7 | I25: saut Zêta
A26: 7 | B26: k^8 | C26: k^8 | D26: progression décalée | F26: 7 | G26: k^8 | H26: k^8 | I26: progression décalée
A27: 8 | B27: k^9 | C27: k^9 | D27: progression décalée | F27: 8 | G27: k^9 − k^7 | H27: k^9 − k^7 | I27: avant-dernier Savard
A28: 9 | B28: k^10 − k^8 | C28: k^10 − k^8 | D28: avant-dernier Savard | F28: 9 | G28: k^10 − k^8 | H28: k^10 − k^8 | I28: dernier Savard
A29: 10 | B29: k^11 − k^9 | C29: k^11 − k^9 | D29: dernier Savard | F29: Somme | G29: =_xlfn.TEXTJOIN(" + ",TRUE,G20:G28) -> k^1 + k^2 + k^3 + k^4 + k^5 + k^7 + k^8 + k^9 − k^7 + k^10 − k^8 | H29: =_xlfn.TEXTJOIN(" + ",TRUE,H20:H28) -> k^1 + k^2 + k^3 + k^4 + k^5 + k^7 + k^8 + k^9 − k^7 + k^10 − k^8
A30: Somme | B30: =_xlfn.TEXTJOIN(" + ",TRUE,B20:B29) -> k^1 + k^2 + k^3 + k^4 + k^5 + k^7 + k^8 + k^9 + k^10 − k^8 + k^11 − k^9 | C30: =_xlfn.TEXTJOIN(" + ",TRUE,C20:C29) -> k^1 + k^2 + k^3 + k^4 + k^5 + k^7 + k^8 + k^9 + k^10 − k^8 + k^11 − k^9
A32: QUATRE POSSIBILITÉS DU DIGAMMA
A33: Option | B33: Position | C33: Terme | D33: Opération | E33: Forme concise | F33: Développement universel | G33: Statut
A34: 1 | B34: 7 | C34: k^7 | D34: + | E34: ="Somme_A10 "&D34&" "&C34 -> Somme_A10 + k^7 | F34: ="("&$C$16&") "&D34&" "&C34 -> (k^1 + k^2 + k^3 + k^4 + k^5 + k^6 + k^7 + k^8 + k^9 − k^7 + k^10 − k^8) + k^7 | G34: À tester
A35: 2 | B35: 7 | C35: k^7 | D35: − | E35: ="Somme_A10 "&D35&" "&C35 -> Somme_A10 − k^7 | F35: ="("&$C$16&") "&D35&" "&C35 -> (k^1 + k^2 + k^3 + k^4 + k^5 + k^6 + k^7 + k^8 + k^9 − k^7 + k^10 − k^8) − k^7 | G35: À tester
A36: 3 | B36: 8 | C36: k^8 | D36: + | E36: ="Somme_A10 "&D36&" "&C36 -> Somme_A10 + k^8 | F36: ="("&$C$16&") "&D36&" "&C36 -> (k^1 + k^2 + k^3 + k^4 + k^5 + k^6 + k^7 + k^8 + k^9 − k^7 + k^10 − k^8) + k^8 | G36: À tester
A37: 4 | B37: 8 | C37: k^8 | D37: − | E37: ="Somme_A10 "&D37&" "&C37 -> Somme_A10 − k^8 | F37: ="("&$C$16&") "&D37&" "&C37 -> (k^1 + k^2 + k^3 + k^4 + k^5 + k^6 + k^7 + k^8 + k^9 − k^7 + k^10 − k^8) − k^8 | G37: À tester
A39: RECONSTRUCTION FORMELLE DES QUATRE CANDIDATS P
A40: Option | B40: Digamma calculé | C40: Somme B₁₀ | D40: Zêta | E40: Équation formelle | F40: Candidat P | G40: Condition entière | H40: Condition première | I40: Décision
A41: 1 | B41: =E34 -> Somme_A10 + k^7 | C41: ="Somme_B10" -> Somme_B10 | D41: k^6 | E41: ="P"&A41&" = [Somme_B10 − ("&B41&")] / k^6" -> P1 = [Somme_B10 − (Somme_A10 + k^7)] / k^6 | F41: ="[Somme_B10 − ("&B41&")] / k^6" -> [Somme_B10 − (Somme_A10 + k^7)] / k^6 | G41: P ∈ ℤ | H41: P premier | I41: Essai-erreur
A42: 2 | B42: =E35 -> Somme_A10 − k^7 | C42: ="Somme_B10" -> Somme_B10 | D42: k^6 | E42: ="P"&A42&" = [Somme_B10 − ("&B42&")] / k^6" -> P2 = [Somme_B10 − (Somme_A10 − k^7)] / k^6 | F42: ="[Somme_B10 − ("&B42&")] / k^6" -> [Somme_B10 − (Somme_A10 − k^7)] / k^6 | G42: P ∈ ℤ | H42: P premier | I42: Essai-erreur
A43: 3 | B43: =E36 -> Somme_A10 + k^8 | C43: ="Somme_B10" -> Somme_B10 | D43: k^6 | E43: ="P"&A43&" = [Somme_B10 − ("&B43&")] / k^6" -> P3 = [Somme_B10 − (Somme_A10 + k^8)] / k^6 | F43: ="[Somme_B10 − ("&B43&")] / k^6" -> [Somme_B10 − (Somme_A10 + k^8)] / k^6 | G43: P ∈ ℤ | H43: P premier | I43: Essai-erreur
A44: 4 | B44: =E37 -> Somme_A10 − k^8 | C44: ="Somme_B10" -> Somme_B10 | D44: k^6 | E44: ="P"&A44&" = [Somme_B10 − ("&B44&")] / k^6" -> P4 = [Somme_B10 − (Somme_A10 − k^8)] / k^6 | F44: ="[Somme_B10 − ("&B44&")] / k^6" -> [Somme_B10 − (Somme_A10 − k^8)] / k^6 | G44: P ∈ ℤ | H44: P premier | I44: Essai-erreur
A46: PROCÉDURE DE SUBSTITUTION POUR UN UTILISATEUR
A47: 1. Choisir un entier positif k et former le rapport 1/k.
A48: 2. Pour le départ n=10, remplacer chaque symbole k des suites A₁₀ et B₁₀ par cet entier.
A49: 3. Calculer Somme_A10 et Somme_B10, puis Zêta=k^6.
A50: 4. Construire les quatre Digamma : Somme_A10 ± k^7 et Somme_A10 ± k^8.
A51: 5. Calculer les quatre Pj=[Somme_B10−Digamma_j]/k^6; conserver tous les candidats entiers et premiers.
A52: 6. Si un seul candidat est premier, la méthode le sélectionne; s’il y en a plusieurs, les règles actuelles ne suffisent pas à garantir l’unicité.
A54: FORME UNIVERSELLE POUR n ≥ 8
A55: A(n,i)=a₁ si i=1; a₁·r^(i−1) si 2≤i≤n−2; (r−1/r)·a₁·r^(n−3) si i=n−1; (r−1/r)·a₁·r^(n−2) si i=n.
A56: B(n,i)=a₁ si i=1; a₁·r^(i−1) si 2≤i≤5; a₁·r^6 si i=6; a₁·r^i si 7≤i≤n−2; termes terminaux Savard aux positions n−1 et n.
A57: Pour tout rapport 1/k dans ce modèle : a₁:=k et r:=k. Les quatre candidats restent P=[ΣB−(ΣA±A(7 ou 8))]/k^6.
A60: VALIDATION EXACTE — SUBSTITUTION k=12, n=15
A61: Mesure | B61: Valeur exacte | D61: Option | E61: Digamma | F61: P exact | G61: Entier? | H61: Premier? | I61: Conclusion
A62: Somme A₁₅ | B62: 16691750593721436 | D62: +A(7) | E62: 16691750629553244 | F62: 61490368499 | G62: Oui | H62: Non | I62: Composé : divisible par 7
A63: Somme B₁₅ | B63: 200301007121671260 | D63: −A(7) | E63: 16691750557889628 | F63: 61490368523 | G63: Oui | H63: Oui | I63: Unique candidat premier
A64: Zêta 12^6 | B64: 2985984 | D64: +A(8) | E64: 16691751023703132 | F64: 61490368367 | G64: Oui | H64: Non | I64: Composé : divisible par 461
D65: −A(8) | E65: 16691750163739740 | F65: 61490368655 | G65: Oui | H65: Non | I65: Composé : divisible par 5
A67: P = [200301007121671260 − 16691750557889628] / 2985984 = 61490368523
A68: Les grandes sommes sont conservées comme texte exact, car Excel arrondit les entiers dépassant 15 chiffres. Le test de primalité a été effectué en arithmétique entière exacte.

Sheet Convolution
A1: Table de convolution formelle
A2: Chaque terme vaut c₁·k^e₁ + c₂·k^e₂. Cette représentation encode les additions et soustractions sans figer k.
A4: TERMES DES SUITES
A5: Rapport | B5: Suite | C5: Ordre | D5: Coeff 1 | E5: Exposant 1 | F5: Coeff 2 | G5: Exposant 2 | H5: Valeur | I5: Expression formelle
A6: 1/3 | B6: A | C6: 1 | D6: 1 | E6: 1 | F6: 0 | G6: 0 | H6: =tblConvolution[[#This Row],[Coeff 1]]*_xlfn.XLOOKUP(tblConvolution[[#This Row],[Rapport]],tblRegles[Rapport],tblRegles[k])^tblConvolution[[#This Row],[Exposant 1]]+tblConvolution[[#This Row],[Coeff 2]]*_xlfn.XLOOKUP(tblConvolution[[#This Row],[Rapport]],tblRegles[Rapport],tblRegles[k])^tblConvolution[[#This Row],[Exposant 2]] -> 3 | I6: k^1
A7: 1/3 | B7: A | C7: 2 | D7: 1 | E7: 2 | F7: 0 | G7: 0 | H7: =tblConvolution[[#This Row],[Coeff 1]]*_xlfn.XLOOKUP(tblConvolution[[#This Row],[Rapport]],tblRegles[Rapport],tblRegles[k])^tblConvolution[[#This Row],[Exposant 1]]+tblConvolution[[#This Row],[Coeff 2]]*_xlfn.XLOOKUP(tblConvolution[[#This Row],[Rapport]],tblRegles[Rapport],tblRegles[k])^tblConvolution[[#This Row],[Exposant 2]] -> 9 | I7: k^2
A8: 1/3 | B8: A | C8: 3 | D8: 1 | E8: 3 | F8: 0 | G8: 0 | H8: =tblConvolution[[#This Row],[Coeff 1]]*_xlfn.XLOOKUP(tblConvolution[[#This Row],[Rapport]],tblRegles[Rapport],tblRegles[k])^tblConvolution[[#This Row],[Exposant 1]]+tblConvolution[[#This Row],[Coeff 2]]*_xlfn.XLOOKUP(tblConvolution[[#This Row],[Rapport]],tblRegles[Rapport],tblRegles[k])^tblConvolution[[#This Row],[Exposant 2]] -> 27 | I8: k^3
A9: 1/3 | B9: A | C9: 4 | D9: 1 | E9: 4 | F9: 0 | G9: 0 | H9: =tblConvolution[[#This Row],[Coeff 1]]*_xlfn.XLOOKUP(tblConvolution[[#This Row],[Rapport]],tblRegles[Rapport],tblRegles[k])^tblConvolution[[#This Row],[Exposant 1]]+tblConvolution[[#This Row],[Coeff 2]]*_xlfn.XLOOKUP(tblConvolution[[#This Row],[Rapport]],tblRegles[Rapport],tblRegles[k])^tblConvolution[[#This Row],[Exposant 2]] -> 81 | I9: k^4
A10: 1/3 | B10: A | C10: 5 | D10: 1 | E10: 5 | F10: 0 | G10: 0 | H10: =tblConvolution[[#This Row],[Coeff 1]]*_xlfn.XLOOKUP(tblConvolution[[#This Row],[Rapport]],tblRegles[Rapport],tblRegles[k])^tblConvolution[[#This Row],[Exposant 1]]+tblConvolution[[#This Row],[Coeff 2]]*_xlfn.XLOOKUP(tblConvolution[[#This Row],[Rapport]],tblRegles[Rapport],tblRegles[k])^tblConvolution[[#This Row],[Exposant 2]] -> 243 | I10: k^5
A11: 1/3 | B11: A | C11: 6 | D11: 1 | E11: 6 | F11: 0 | G11: 0 | H11: =tblConvolution[[#This Row],[Coeff 1]]*_xlfn.XLOOKUP(tblConvolution[[#This Row],[Rapport]],tblRegles[Rapport],tblRegles[k])^tblConvolution[[#This Row],[Exposant 1]]+tblConvolution[[#This Row],[Coeff 2]]*_xlfn.XLOOKUP(tblConvolution[[#This Row],[Rapport]],tblRegles[Rapport],tblRegles[k])^tblConvolution[[#This Row],[Exposant 2]] -> 729 | I11: k^6
A12: 1/3 | B12: A | C12: 7 | D12: 1 | E12: 7 | F12: 0 | G12: 0 | H12: =tblConvolution[[#This Row],[Coeff 1]]*_xlfn.XLOOKUP(tblConvolution[[#This Row],[Rapport]],tblRegles[Rapport],tblRegles[k])^tblConvolution[[#This Row],[Exposant 1]]+tblConvolution[[#This Row],[Coeff 2]]*_xlfn.XLOOKUP(tblConvolution[[#This Row],[Rapport]],tblRegles[Rapport],tblRegles[k])^tblConvolution[[#This Row],[Exposant 2]] -> 2187 | I12: k^7
A13: 1/3 | B13: A | C13: 8 | D13: 1 | E13: 8 | F13: 0 | G13: 0 | H13: =tblConvolution[[#This Row],[Coeff 1]]*_xlfn.XLOOKUP(tblConvolution[[#This Row],[Rapport]],tblRegles[Rapport],tblRegles[k])^tblConvolution[[#This Row],[Exposant 1]]+tblConvolution[[#This Row],[Coeff 2]]*_xlfn.XLOOKUP(tblConvolution[[#This Row],[Rapport]],tblRegles[Rapport],tblRegles[k])^tblConvolution[[#This Row],[Exposant 2]] -> 6561 | I13: k^8
A14: 1/3 | B14: A | C14: 9 | D14: 1 | E14: 9 | F14: -1 | G14: 7 | H14: =tblConvolution[[#This Row],[Coeff 1]]*_xlfn.XLOOKUP(tblConvolution[[#This Row],[Rapport]],tblRegles[Rapport],tblRegles[k])^tblConvolution[[#This Row],[Exposant 1]]+tblConvolution[[#This Row],[Coeff 2]]*_xlfn.XLOOKUP(tblConvolution[[#This Row],[Rapport]],tblRegles[Rapport],tblRegles[k])^tblConvolution[[#This Row],[Exposant 2]] -> 17496 | I14: k^9 - k^7
A15: 1/3 | B15: A | C15: 10 | D15: 1 | E15: 10 | F15: -1 | G15: 8 | H15: =tblConvolution[[#This Row],[Coeff 1]]*_xlfn.XLOOKUP(tblConvolution[[#This Row],[Rapport]],tblRegles[Rapport],tblRegles[k])^tblConvolution[[#This Row],[Exposant 1]]+tblConvolution[[#This Row],[Coeff 2]]*_xlfn.XLOOKUP(tblConvolution[[#This Row],[Rapport]],tblRegles[Rapport],tblRegles[k])^tblConvolution[[#This Row],[Exposant 2]] -> 52488 | I15: k^10 - k^8
A16: 1/3 | B16: B | C16: 1 | D16: 1 | E16: 1 | F16: 0 | G16: 0 | H16: =tblConvolution[[#This Row],[Coeff 1]]*_xlfn.XLOOKUP(tblConvolution[[#This Row],[Rapport]],tblRegles[Rapport],tblRegles[k])^tblConvolution[[#This Row],[Exposant 1]]+tblConvolution[[#This Row],[Coeff 2]]*_xlfn.XLOOKUP(tblConvolution[[#This Row],[Rapport]],tblRegles[Rapport],tblRegles[k])^tblConvolution[[#This Row],[Exposant 2]] -> 3 | I16: k^1
A17: 1/3 | B17: B | C17: 2 | D17: 1 | E17: 2 | F17: 0 | G17: 0 | H17: =tblConvolution[[#This Row],[Coeff 1]]*_xlfn.XLOOKUP(tblConvolution[[#This Row],[Rapport]],tblRegles[Rapport],tblRegles[k])^tblConvolution[[#This Row],[Exposant 1]]+tblConvolution[[#This Row],[Coeff 2]]*_xlfn.XLOOKUP(tblConvolution[[#This Row],[Rapport]],tblRegles[Rapport],tblRegles[k])^tblConvolution[[#This Row],[Exposant 2]] -> 9 | I17: k^2
... A25: 1/3 | B25: B | C25: 10 | D25: 1 | E25: 11 | F25: -1 | G25: 9 | H25: =tblConvolution[[#This Row],[Coeff 1]]*_xlfn.XLOOKUP(tblConvolution[[#This Row],[Rapport]],tblRegles[Rapport],tblRegles[k])^tblConvolution[[#This Row],[Exposant 1]]+tblConvolution[[#This Row],[Coeff 2]]*_xlfn.XLOOKUP(tblConvolution[[#This Row],[Rapport]],tblRegles[Rapport],tblRegles[k])^tblConvolution[[#This Row],[Exposant 2]] -> 157464 | I25: k^11 - k^9

Sheet Tests Digamma
A1: Tests des quatre Digamma
A2: Le candidat est A ajustée = Somme A + signe·k^position; puis P = (Somme B − A ajustée)/k^exp_reconstruction.
A4: CANDIDATS POUR 1/3
A5: Rapport | B5: k | C5: Position | D5: Signe | E5: Somme A | F5: Somme B | G5: Rang
A6: 1/3 | B6: 3 | C6: 7 | D6: -1 | E6: =SUMIFS(tblConvolution[Valeur],tblConvolution[Rapport],A6,tblConvolution[Suite],"A") -> 79824 | F6: =SUMIFS(tblConvolution[Valeur],tblConvolution[Rapport],A6,tblConvolution[Suite],"B") -> 238746 | G6: {=_xlfn.LET(_xlpm.p,(F6-(E6+D6*B6^C6))/B6^_xlfn.XLOOKUP(A6,tblRegles[Rapport],tblRegles[Exp reconstruction]),IF(OR(_xlpm.p<>INT(_xlpm.p),_xlpm.p<2),"",_xlfn.LET(_xlpm.q,_xlfn.SEQUENCE(INT(_xlpm.p)),_xlpm.d,TRANSPOSE(_xlfn.SEQUENCE(INT(_xlpm.p))),_xlpm.cnt,MMULT(--(MOD(_xlpm.q,_xlpm.d)=0),_xlfn.SEQUENCE(INT(_xlpm.p),,1,0)),IF(SUM(--(MOD(_xlpm.p,_xlfn.SEQUENCE(INT(_xlpm.p)))=0))=2,SUM(--(_xlpm.cnt=2)),""))))}
A7: 1/3 | B7: 3 | C7: 7 | D7: 1 | E7: =SUMIFS(tblConvolution[Valeur],tblConvolution[Rapport],A7,tblConvolution[Suite],"A") -> 79824 | F7: =SUMIFS(tblConvolution[Valeur],tblConvolution[Rapport],A7,tblConvolution[Suite],"B") -> 238746 | G7: {=_xlfn.LET(_xlpm.p,(F7-(E7+D7*B7^C7))/B7^_xlfn.XLOOKUP(A7,tblRegles[Rapport],tblRegles[Exp reconstruction]),IF(OR(_xlpm.p<>INT(_xlpm.p),_xlpm.p<2),"",_xlfn.LET(_xlpm.q,_xlfn.SEQUENCE(INT(_xlpm.p)),_xlpm.d,TRANSPOSE(_xlfn.SEQUENCE(INT(_xlpm.p))),_xlpm.cnt,MMULT(--(MOD(_xlpm.q,_xlpm.d)=0),_xlfn.SEQUENCE(INT(_xlpm.p),,1,0)),IF(SUM(--(MOD(_xlpm.p,_xlfn.SEQUENCE(INT(_xlpm.p)))=0))=2,SUM(--(_xlpm.cnt=2)),""))))}
A8: 1/3 | B8: 3 | C8: 8 | D8: -1 | E8: =SUMIFS(tblConvolution[Valeur],tblConvolution[Rapport],A8,tblConvolution[Suite],"A") -> 79824 | F8: =SUMIFS(tblConvolution[Valeur],tblConvolution[Rapport],A8,tblConvolution[Suite],"B") -> 238746 | G8: {=_xlfn.LET(_xlpm.p,(F8-(E8+D8*B8^C8))/B8^_xlfn.XLOOKUP(A8,tblRegles[Rapport],tblRegles[Exp reconstruction]),IF(OR(_xlpm.p<>INT(_xlpm.p),_xlpm.p<2),"",_xlfn.LET(_xlpm.q,_xlfn.SEQUENCE(INT(_xlpm.p)),_xlpm.d,TRANSPOSE(_xlfn.SEQUENCE(INT(_xlpm.p))),_xlpm.cnt,MMULT(--(MOD(_xlpm.q,_xlpm.d)=0),_xlfn.SEQUENCE(INT(_xlpm.p),,1,0)),IF(SUM(--(MOD(_xlpm.p,_xlfn.SEQUENCE(INT(_xlpm.p)))=0))=2,SUM(--(_xlpm.cnt=2)),""))))} -> 49
A9: 1/3 | B9: 3 | C9: 8 | D9: 1 | E9: =SUMIFS(tblConvolution[Valeur],tblConvolution[Rapport],A9,tblConvolution[Suite],"A") -> 79824 | F9: =SUMIFS(tblConvolution[Valeur],tblConvolution[Rapport],A9,tblConvolution[Suite],"B") -> 238746 | G9: {=_xlfn.LET(_xlpm.p,(F9-(E9+D9*B9^C9))/B9^_xlfn.XLOOKUP(A9,tblRegles[Rapport],tblRegles[Exp reconstruction]),IF(OR(_xlpm.p<>INT(_xlpm.p),_xlpm.p<2),"",_xlfn.LET(_xlpm.q,_xlfn.SEQUENCE(INT(_xlpm.p)),_xlpm.d,TRANSPOSE(_xlfn.SEQUENCE(INT(_xlpm.p))),_xlpm.cnt,MMULT(--(MOD(_xlpm.q,_xlpm.d)=0),_xlfn.SEQUENCE(INT(_xlpm.p),,1,0)),IF(SUM(--(MOD(_xlpm.p,_xlfn.SEQUENCE(INT(_xlpm.p)))=0))=2,SUM(--(_xlpm.cnt=2)),""))))}
A11: Lecture
A12: Seule la combinaison position 8 / signe − produit 227, qui est premier et occupe le rang 49.
A13: Les trois autres candidats sont composés : 221, 215 et 209.
C21: Position | D21: Terme | E21: Expression | G21: Position | H21: Terme | I21: Expression
C22: 1 | D22: t_a^1 | E22: t_a^1 | G22: 1 | H22: t_a^1 | I22: t_a^1
C23: 2 | D23: t_a^2 | E23: t_a^2 | G23: 2 | H23: t_a^2 | I23: t_a^2
C24: 3 | D24: t_a^3 | E24: t_a^3 | G24: 3 | H24: t_a^3 | I24: t_a^3
C25: 4 | D25: t_a^4 | E25: t_a^4 | G25: 4 | H25: t_a^4 | I25: t_a^4
C26: 5 | D26: t_a^5 | E26: t_a^5 | G26: 5 | H26: t_a^5 | I26: t_a^5
C27: 6 | D27: t_a^6 | E27: t_a^6 | G27: 6 | H27: t_a^6 | I27: t_a^6
C28: 7 | D28: t_a^7 | E28: t_a^7 | G28: 7 | H28: t_a^7 | I28: t_a^7
C29: 8 | D29: t_a^8 | E29: t_a^8 | G29: 8 | H29: t_a^8 - t_a^6 | I29: t_a^8 − t_a^6
C30: 9 | D30: t_a^9 - t_a^7 | E30: t_a^9 − t_a^7 | G30: 9 | H30: t_a^9 - t_a^7 | I30: t_a^9 − t_a^7
C31: 10 | D31: t_a^10 - t_a^8 | E31: t_a^10 − t_a^8 | G31: Somme | H31: Somme_A9 | I31: Somme_Suite_A_9
C32: Somme | D32: =_xlfn.TEXTJOIN(" + ",TRUE,D22:D31) -> t_a^1 + t_a^2 + t_a^3 + t_a^4 + t_a^5 + t_a^6 + t_a^7 + t_a^8 + t_a^9 - t_a^7 + t_a^10 - t_a^8 | E32: =_xlfn.TEXTJOIN(" + ",TRUE,E22:E31) -> t_a^1 + t_a^2 + t_a^3 + t_a^4 + t_a^5 + t_a^6 + t_a^7 + t_a^8 + t_a^9 − t_a^7 + t_a^10 − t_a^8 | H32: {=_xlfn.TEXTJOIN(" + ",TRUE,_xlfn._xlws.FILTER(H22:H31,(H22:H31<>"Somme_A9")*(H22:H31<>"—")))} -> t_a^1 + t_a^2 + t_a^3 + t_a^4 + t_a^5 + t_a^6 + t_a^7 + t_a^8 - t_a^6 + t_a^9 - t_a^7 | I32: {=_xlfn.TEXTJOIN(" + ",TRUE,_xlfn._xlws.FILTER(I22:I31,(H22:H31<>"Somme_A9")*(H22:H31<>"—")))} -> t_a^1 + t_a^2 + t_a^3 + t_a^4 + t_a^5 + t_a^6 + t_a^7 + t_a^8 − t_a^6 + t_a^9 − t_a^7
C34: Position | D34: Terme | E34: Expression formelle | G34: Position | H34: Terme | I34: Expression formelle
C35: 1 | D35: t_b^1 | E35: t_b^1 | G35: 1 | H35: t_b^1 | I35: t_b^1
C36: 2 | D36: t_b^2 | E36: t_b^2 | G36: 2 | H36: t_b^2 | I36: t_b^2
C37: 3 | D37: t_b^3 | E37: t_b^3 | G37: 3 | H37: t_b^3 | I37: t_b^3
C38: 4 | D38: t_b^4 | E38: t_b^4 | G38: 4 | H38: t_b^4 | I38: t_b^4
C39: 5 | D39: t_b^5 | E39: t_b^5 | G39: 5 | H39: t_b^5 | I39: t_b^5
C40: 6 | D40: t_b^7 | E40: t_b^7 | G40: 6 | H40: t_b^7 | I40: t_b^7
C41: 7 | D41: t_b^8 | E41: t_b^8 | G41: 7 | H41: t_b^8 | I41: t_b^8
C42: 8 | D42: t_b^9 | E42: t_b^9 | G42: 8 | H42: t_b^9 - t_b^7 | I42: (t_b^9 − t_b^7)
C43: 9 | D43: t_b^10 - t_b^8 | E43: (t_b^10 − t_b^8) | G43: 9 | H43: t_b^10 - t_b^8 | I43: (t_b^10 − t_b^8)
C44: 10 | D44: t_b^11 - t_b^9 | E44: (t_b^11 − t_b^9) | G44: Somme | H44: Somme_B9 | I44: Somme suite B₉
C45: Somme | D45: {=_xlfn.TEXTJOIN(" + ",TRUE,_xlfn._xlws.FILTER(D35:D44,D35:D44<>"—"))} -> t_b^1 + t_b^2 + t_b^3 + t_b^4 + t_b^5 + t_b^7 + t_b^8 + t_b^9 + t_b^10 - t_b^8 + t_b^11 - t_b^9 | E45: {=_xlfn.TEXTJOIN(" + ",TRUE,_xlfn._xlws.FILTER(E35:E44,D35:D44<>"—"))} -> t_b^1 + t_b^2 + t_b^3 + t_b^4 + t_b^5 + t_b^7 + t_b^8 + t_b^9 + (t_b^10 − t_b^8) + (t_b^11 − t_b^9) | H45: =_xlfn.TEXTJOIN(" + ",TRUE,H35:H43) -> t_b^1 + t_b^2 + t_b^3 + t_b^4 + t_b^5 + t_b^7 + t_b^8 + t_b^9 - t_b^7 + t_b^10 - t_b^8 | I45: =_xlfn.TEXTJOIN(" + ",TRUE,I35:I43) -> t_b^1 + t_b^2 + t_b^3 + t_b^4 + t_b^5 + t_b^7 + t_b^8 + (t_b^9 − t_b^7) + (t_b^10 − t_b^8)
C47: Option | D47: Position Digamma | E47: Terme Digamma | F47: Opération | G47: Forme concise | H47: Développement complet | I47: Statut
C48: 1 | D48: 7 | E48: t_a^7 | F48: + | G48: ="Somme_A10 "&F48&" "&E48 -> Somme_A10 + t_a^7 | H48: ="("&$E$32&") "&F48&" "&E48 -> (t_a^1 + t_a^2 + t_a^3 + t_a^4 + t_a^5 + t_a^6 + t_a^7 + t_a^8 + t_a^9 − t_a^7 + t_a^10 − t_a^8) + t_a^7 | I48: =IF(AND(D48=_xlfn.XLOOKUP(Parametres!$A$11,tblRegles[Rapport],tblRegles[Position Digamma]),F48=IF(_xlfn.XLOOKUP(Parametres!$A$11,tblRegles[Rapport],tblRegles[Signe Digamma])=1,"+","−")),"Option retenue pour "&Parametres!$A$11,"Candidate") -> Candidate
C49: 2 | D49: 7 | E49: t_a^7 | F49: − | G49: ="Somme_A10 "&F49&" "&E49 -> Somme_A10 − t_a^7 | H49: ="("&$E$32&") "&F49&" "&E49 -> (t_a^1 + t_a^2 + t_a^3 + t_a^4 + t_a^5 + t_a^6 + t_a^7 + t_a^8 + t_a^9 − t_a^7 + t_a^10 − t_a^8) − t_a^7 | I49: =IF(AND(D49=_xlfn.XLOOKUP(Parametres!$A$11,tblRegles[Rapport],tblRegles[Position Digamma]),F49=IF(_xlfn.XLOOKUP(Parametres!$A$11,tblRegles[Rapport],tblRegles[Signe Digamma])=1,"+","−")),"Option retenue pour "&Parametres!$A$11,"Candidate") -> Candidate
C50: 3 | D50: 8 | E50: t_a^8 | F50: + | G50: ="Somme_A10 "&F50&" "&E50 -> Somme_A10 + t_a^8 | H50: ="("&$E$32&") "&F50&" "&E50 -> (t_a^1 + t_a^2 + t_a^3 + t_a^4 + t_a^5 + t_a^6 + t_a^7 + t_a^8 + t_a^9 − t_a^7 + t_a^10 − t_a^8) + t_a^8 | I50: =IF(AND(D50=_xlfn.XLOOKUP(Parametres!$A$11,tblRegles[Rapport],tblRegles[Position Digamma]),F50=IF(_xlfn.XLOOKUP(Parametres!$A$11,tblRegles[Rapport],tblRegles[Signe Digamma])=1,"+","−")),"Option retenue pour "&Parametres!$A$11,"Candidate") -> Candidate
C51: 4 | D51: 8 | E51: t_a^8 | F51: − | G51: ="Somme_A10 "&F51&" "&E51 -> Somme_A10 − t_a^8 | H51: ="("&$E$32&") "&F51&" "&E51 -> (t_a^1 + t_a^2 + t_a^3 + t_a^4 + t_a^5 + t_a^6 + t_a^7 + t_a^8 + t_a^9 − t_a^7 + t_a^10 − t_a^8) − t_a^8 | I51: =IF(AND(D51=_xlfn.XLOOKUP(Parametres!$A$11,tblRegles[Rapport],tblRegles[Position Digamma]),F51=IF(_xlfn.XLOOKUP(Parametres!$A$11,tblRegles[Rapport],tblRegles[Signe Digamma])=1,"+","−")),"Option retenue pour "&Parametres!$A$11,"Candidate") -> Option retenue pour 1/3
E53: Option | F53: Digamma calculé (A₁₀ ± k^p) | G53: Somme B₁₀ | H53: Zêta k^6 | I53: Formule appliquée | J53: P reconstruit
E54: 1 | F54: =Parametres!$B$11+IF($F$48="+",1,-1)*Parametres!$B$6^$D$48 -> 82011 | G54: =Parametres!$C$11 -> 238746 | H54: =Parametres!$B$6^Parametres!$D$6 -> 729 | I54: ="("&TEXT(G54,"0")&" − "&TEXT(F54,"0")&") / "&TEXT(H54,"0") -> (238746 − 82011) / 729 | J54: =(G54-F54)/H54 -> 215
E55: 2 | F55: =Parametres!$B$11+IF($F$49="+",1,-1)*Parametres!$B$6^$D$49 -> 77637 | G55: =Parametres!$C$11 -> 238746 | H55: =Parametres!$B$6^Parametres!$D$6 -> 729 | I55: ="("&TEXT(G55,"0")&" − "&TEXT(F55,"0")&") / "&TEXT(H55,"0") -> (238746 − 77637) / 729 | J55: =(G55-F55)/H55 -> 221
E56: 3 | F56: =Parametres!$B$11+IF($F$50="+",1,-1)*Parametres!$B$6^$D$50 -> 86385 | G56: =Parametres!$C$11 -> 238746 | H56: =Parametres!$B$6^Parametres!$D$6 -> 729 | I56: ="("&TEXT(G56,"0")&" − "&TEXT(F56,"0")&") / "&TEXT(H56,"0") -> (238746 − 86385) / 729 | J56: =(G56-F56)/H56 -> 209
E57: 4 | F57: =Parametres!$B$11+IF($F$51="+",1,-1)*Parametres!$B$6^$D$51 -> 73263 | G57: =Parametres!$C$11 -> 238746 | H57: =Parametres!$B$6^Parametres!$D$6 -> 729 | I57: ="("&TEXT(G57,"0")&" − "&TEXT(F57,"0")&") / "&TEXT(H57,"0") -> (238746 − 73263) / 729 | J57: =(G57-F57)/H57 -> 227
A60: ESSAI CONVOLUTIF — RAPPORT 1/3, n = 18
A61: Construction Isabelle/HOL : progression simple jusqu’à n−2, deux termes terminaux Savard et saut Zêta à la position 6 de B.
A63: Position A | B63: Expression formelle | C63: Règle | D63: Valeur | F63: Position B | G63: Expression formelle | H63: Règle | I63: Valeur
A64: 1 | B64: k^1 | C64: progression simple | D64: =Parametres!$B$6^A64 -> 3 | F64: 1 | G64: k^1 | H64: progression décalée | I64: =Parametres!$B$6^F64 -> 3
A65: 2 | B65: k^2 | C65: progression simple | D65: =Parametres!$B$6^A65 -> 9 | F65: 2 | G65: k^2 | H65: progression décalée | I65: =Parametres!$B$6^F65 -> 9
A66: 3 | B66: k^3 | C66: progression simple | D66: =Parametres!$B$6^A66 -> 27 | F66: 3 | G66: k^3 | H66: progression décalée | I66: =Parametres!$B$6^F66 -> 27
A67: 4 | B67: k^4 | C67: progression simple | D67: =Parametres!$B$6^A67 -> 81 | F67: 4 | G67: k^4 | H67: progression décalée | I67: =Parametres!$B$6^F67 -> 81
A68: 5 | B68: k^5 | C68: progression simple | D68: =Parametres!$B$6^A68 -> 243 | F68: 5 | G68: k^5 | H68: progression décalée | I68: =Parametres!$B$6^F68 -> 243
A69: 6 | B69: k^6 | C69: progression simple | D69: =Parametres!$B$6^A69 -> 729 | F69: 6 | G69: k^7 (saut Zêta) | H69: substitution position 6 | I69: =Parametres!$B$6^7 -> 2187
A70: 7 | B70: k^7 | C70: progression simple | D70: =Parametres!$B$6^A70 -> 2187 | F70: 7 | G70: k^8 | H70: progression décalée | I70: =Parametres!$B$6^(F70+1) -> 6561
A71: 8 | B71: k^8 | C71: progression simple | D71: =Parametres!$B$6^A71 -> 6561 | F71: 8 | G71: k^9 | H71: progression décalée | I71: =Parametres!$B$6^(F71+1) -> 19683
A72: 9 | B72: k^9 | C72: progression simple | D72: =Parametres!$B$6^A72 -> 19683 | F72: 9 | G72: k^10 | H72: progression décalée | I72: =Parametres!$B$6^(F72+1) -> 59049
A73: 10 | B73: k^10 | C73: progression simple | D73: =Parametres!$B$6^A73 -> 59049 | F73: 10 | G73: k^11 | H73: progression décalée | I73: =Parametres!$B$6^(F73+1) -> 177147
A74: 11 | B74: k^11 | C74: progression simple | D74: =Parametres!$B$6^A74 -> 177147 | F74: 11 | G74: k^12 | H74: progression décalée | I74: =Parametres!$B$6^(F74+1) -> 531441
A75: 12 | B75: k^12 | C75: progression simple | D75: =Parametres!$B$6^A75 -> 531441 | F75: 12 | G75: k^13 | H75: progression décalée | I75: =Parametres!$B$6^(F75+1) -> 1594323
A76: 13 | B76: k^13 | C76: progression simple | D76: =Parametres!$B$6^A76 -> 1594323 | F76: 13 | G76: k^14 | H76: progression décalée | I76: =Parametres!$B$6^(F76+1) -> 4782969
A77: 14 | B77: k^14 | C77: progression simple | D77: =Parametres!$B$6^A77 -> 4782969 | F77: 14 | G77: k^15 | H77: progression décalée | I77: =Parametres!$B$6^(F77+1) -> 14348907
A78: 15 | B78: k^15 | C78: progression simple | D78: =Parametres!$B$6^A78 -> 14348907 | F78: 15 | G78: k^16 | H78: progression décalée | I78: =Parametres!$B$6^(F78+1) -> 43046721
A79: 16 | B79: k^16 | C79: progression simple | D79: =Parametres!$B$6^A79 -> 43046721 | F79: 16 | G79: k^17 | H79: progression décalée | I79: =Parametres!$B$6^(F79+1) -> 129140163
A80: 17 | B80: k^17 − k^15 | C80: avant-dernier Savard | D80: =Parametres!$B$6^17-Parametres!$B$6^15 -> 114791256 | F80: 17 | G80: k^18 − k^16 | H80: avant-dernier Savard | I80: =Parametres!$B$6^18-Parametres!$B$6^16 -> 344373768
A81: 18 | B81: k^18 − k^16 | C81: dernier Savard | D81: =Parametres!$B$6^18-Parametres!$B$6^16 -> 344373768 | F81: 18 | G81: k^19 − k^17 | H81: dernier Savard | I81: =Parametres!$B$6^19-Parametres!$B$6^17 -> 1033121304
A82: Somme A₁₈ | D82: =SUM(D64:D81) -> 523735104 | F82: Somme B₁₈ | I82: =SUM(I64:I81) -> 1571204586
A85: Option | B85: Position | C85: Signe | D85: Digamma A₁₈ ajusté | E85: Somme B₁₈ | F85: Zêta 3^6 | G85: P reconstruit | H85: Entier? | I85: Premier? | J85: Conclusion
A86: 1 | B86: 7 | C86: + | D86: =$D$82+IF(C86="+",1,-1)*Parametres!$B$6^B86 -> 523737291 | E86: =$I$82 -> 1571204586 | F86: =Parametres!$B$6^6 -> 729 | G86: =(E86-D86)/F86 -> 1436855 | H86: =IF(G86=INT(G86),"Oui","Non") -> Oui | I86: {=_xlfn.LET(_xlpm.p,G86,_xlpm.m,MAX(1,INT((SQRT(_xlpm.p)-1)/2)),IF(OR(_xlpm.p<>INT(_xlpm.p),_xlpm.p<2),"Non",IF(_xlpm.p=2,"Oui",IF(MOD(_xlpm.p,2)=0,"Non",IF(SUM(--(MOD(_xlpm.p,_xlfn.SEQUENCE(_xlpm.m,1,3,2))=0))=0,"Oui","Non")))))} -> Non | J86: =IF(I86="Oui","Premier candidat","Composé") -> Composé
A87: 2 | B87: 7 | C87: − | D87: =$D$82+IF(C87="+",1,-1)*Parametres!$B$6^B87 -> 523732917 | E87: =$I$82 -> 1571204586 | F87: =Parametres!$B$6^6 -> 729 | G87: =(E87-D87)/F87 -> 1436861 | H87: =IF(G87=INT(G87),"Oui","Non") -> Oui | I87: {=_xlfn.LET(_xlpm.p,G87,_xlpm.m,MAX(1,INT((SQRT(_xlpm.p)-1)/2)),IF(OR(_xlpm.p<>INT(_xlpm.p),_xlpm.p<2),"Non",IF(_xlpm.p=2,"Oui",IF(MOD(_xlpm.p,2)=0,"Non",IF(SUM(--(MOD(_xlpm.p,_xlfn.SEQUENCE(_xlpm.m,1,3,2))=0))=0,"Oui","Non")))))} -> Non | J87: =IF(I87="Oui","Premier candidat","Composé") -> Composé
A88: 3 | B88: 8 | C88: + | D88: =$D$82+IF(C88="+",1,-1)*Parametres!$B$6^B88 -> 523741665 | E88: =$I$82 -> 1571204586 | F88: =Parametres!$B$6^6 -> 729 | G88: =(E88-D88)/F88 -> 1436849 | H88: =IF(G88=INT(G88),"Oui","Non") -> Oui | I88: {=_xlfn.LET(_xlpm.p,G88,_xlpm.m,MAX(1,INT((SQRT(_xlpm.p)-1)/2)),IF(OR(_xlpm.p<>INT(_xlpm.p),_xlpm.p<2),"Non",IF(_xlpm.p=2,"Oui",IF(MOD(_xlpm.p,2)=0,"Non",IF(SUM(--(MOD(_xlpm.p,_xlfn.SEQUENCE(_xlpm.m,1,3,2))=0))=0,"Oui","Non")))))} -> Oui | J88: =IF(I88="Oui","Premier candidat","Composé") -> Premier candidat
A89: 4 | B89: 8 | C89: − | D89: =$D$82+IF(C89="+",1,-1)*Parametres!$B$6^B89 -> 523728543 | E89: =$I$82 -> 1571204586 | F89: =Parametres!$B$6^6 -> 729 | G89: =(E89-D89)/F89 -> 1436867 | H89: =IF(G89=INT(G89),"Oui","Non") -> Oui | I89: {=_xlfn.LET(_xlpm.p,G89,_xlpm.m,MAX(1,INT((SQRT(_xlpm.p)-1)/2)),IF(OR(_xlpm.p<>INT(_xlpm.p),_xlpm.p<2),"Non",IF(_xlpm.p=2,"Oui",IF(MOD(_xlpm.p,2)=0,"Non",IF(SUM(--(MOD(_xlpm.p,_xlfn.SEQUENCE(_xlpm.m,1,3,2))=0))=0,"Oui","Non")))))} -> Oui | J89: =IF(I89="Oui","Premier candidat","Composé") -> Premier candidat
A91: CONSTAT
A92: Les quatre options donnent des quotients entiers. Les options position 8 produisent deux nombres premiers consécutifs : 1 436 849 et 1 436 867.
A93: La règle Digamma fournie ne sélectionne donc pas encore une solution unique pour n=18; un critère supplémentaire est requis.

Sheet Code Python
A1: Code Python du moteur convolutif
A2: Copiez la colonne Code dans un fichier .py. Le moteur lit les tables Excel, reconstruit P, teste la primalité et mesure les premiers encore non couverts.
A4: CODE
A5: Ligne | B5: Code
A6: 1 | B6: from dataclasses import dataclass
A7: 2 | B7: from math import isqrt
A8: 3
A9: 4 | B9: @dataclass(frozen=True)
A10: 5 | B10: class Constants:
A11: 6 | B11: alpha_a: float
A12: 7 | B12: alpha_b: float
A13: 8 | B13: offset_a: float
A14: 9 | B14: offset_b: float
A15: 10
A16: 11 | B16: CONSTANTS = {
A17: 12 | B17: 2: Constants(3.25, 6.5, 2, 66),
A18: 13 | B18: 3: Constants(73/9, 219/9, 1.5, 487*1.5),
A19: 14 | B19: 4: Constants(241/16, 964/16, 4/3, 3073*(4/3)),
A20: 15 | B20: }
A21: 16
A22: 17 | B22: def term_a(k, n, i, a1=None, small_model='XIII'):
A23: 18 | B23: a1 = k if a1 is None else a1
A24: 19 | B24: r = k
A25: 20 | B25: if not (k >= 2 and n >= 1 and 1 <= i <= n): return 0
A26: 21 | B26: if n <= 7 and small_model == 'XIII': return a1 * r**(i-1)
A27: 22 | B27: if n <= 7:
A28: 23 | B28: if i == 1: return a1
A29: 24 | B29: if n == 2 and i == 2: return a1 * (r - 1/r)
A30: 25 | B30: if n >= 3 and i <= n-2: return a1 * r**(i-1)
A31: 26 | B31: if i == n-1: return a1 * r**(n-3) * (r - 1/r)
A32: 27 | B32: return a1 * r**(n-3) * (r - 1/r) * r
A33: 28 | B33: if i == 1: return a1
... A36: 31 | B36: return (r - 1/r) * a1 * r**(n-2)
A37: 32
A38: 33 | B38: def term_b(k, n, i, a1=None, small_model='XIII'):
A39: 34 | B39: a1 = k if a1 is None else a1
A40: 35 | B40: r = k
A41: 36 | B41: if n <= 7: return term_a(k, n, i, a1, small_model)
A42: 37 | B42: if i == 1: return a1
A43: 38 | B43: if i <= 5: return a1 * r**(i-1)
A44: 39 | B44: if i == 6: return a1 * r**6
A45: 40 | B45: if i <= n-2: return a1 * r**i
A46: 41 | B46: if i == n-1: return (r - 1/r) * a1 * r**(n-2)
A47: 42 | B47: if i == n: return (r - 1/r) * a1 * r**(n-1)
A48: 43 | B48: return 0
A49: 44
A50: 45 | B50: def build(k, n, a1=None, small_model='XIII'):
A51: 46 | B51: A = [term_a(k,n,i,a1,small_model) for i in range(1,n+1)]
A52: 47 | B52: B = [term_b(k,n,i,a1,small_model) for i in range(1,n+1)]
A53: 48 | B53: return A, B
A54: 49
A55: 50 | B55: def closed_sums(k, n, regime='positive'):
A56: 51 | B56: c = CONSTANTS.get(k)
A57: 52 | B57: if c is None: raise KeyError(f'Constantes manquantes pour 1/{k}')
A58: 53 | B58: if regime == 'positive': return (c.alpha_a/2*k**n-c.offset_a, c.alpha_b/2*k**n-c.offset_b)
A59: 54 | B59: return (c.alpha_a/k**n-c.offset_a, c.alpha_b/k**n-c.offset_b)
A60: 55
A61: 56 | B61: def is_prime(p):
A62: 57 | B62: if int(p) != p or p < 2: return False
A63: 58 | B63: p = int(p)
A64: 59 | B64: if p % 2 == 0: return p == 2
A65: 60 | B65: return all(p % d for d in range(3,isqrt(p)+1,2))
A66: 61
A67: 62 | B67: def digamma_trials(k, n, a1=None, small_model='XIII'):
A68: 63 | B68: A,B = build(k,n,a1,small_model)
A69: 64 | B69: if n < 8: return []
A70: 65 | B70: out=[]
A71: 66 | B71: for pos in (7,8):
A72: 67 | B72: for sign in (1,-1):
A73: 68 | B73: adjusted=sum(A)+sign*A[pos-1]
A74: 69 | B74: p=(sum(B)-adjusted)/(k**6)
A75: 70 | B75: out.append({'position':pos,'sign':sign,'digamma':adjusted,'P':p,'integer':int(p)==p,'prime':is_prime(p)})
A76: 71 | B76: return out
A77: 72
A78: 73 | B78: def evaluate(k,n,a1=None,small_model='XIII'):
A79: 74 | B79: A,B=build(k,n,a1,small_model)
A80: 75 | B80: trials=digamma_trials(k,n,a1,small_model)
A81: 76 | B81: return {'A':A,'B':B,'sum_A':sum(A),'sum_B':sum(B),'trials':trials,'prime_candidates':[x for x in trials if x['prime']]}
A82: 77
A83: 78 | B83: if __name__ == '__main__':
A84: 79 | B84: r=evaluate(3,10)
A85: 80 | B85: assert r['sum_A']==79824 and r['sum_B']==238746
A86: 81 | B86: assert [x['P'] for x in r['prime_candidates']]==[227]
A87: 82 | B87: print(r)
